t,rms,centroid,tempo
0.0,0.20423308645064872,0.0,80.74951171875
0.011609977324263039,0.22550261579327288,0.012685443171385487,86.9610126201923
0.023219954648526078,0.24664918132749153,0.024556211124332133,93.17251352163461
0.034829931972789115,0.267177699031799,0.03641230803794631,99.38401442307693
0.046439909297052155,0.28908215746396926,0.04757386932296121,105.59551532451924
0.058049886621315196,0.3110129064219569,0.05965645246956073,111.80701622596155
0.06965986394557823,0.33245484580892276,0.07176330511332324,118.01851712740385
0.08126984126984127,0.3559312468507348,0.08317950218358687,122.5359723284528
0.09287981859410431,0.37806652265433066,0.0944375093405585,127.05342752950175
0.10448979591836735,0.40134971206538533,0.10585129000489792,131.5708827305507
0.11609977324263039,0.4250968421521304,0.11694517869831053,136.08833793159965
0.12770975056689343,0.4458691140652857,0.1282517219948879,140.6057931326486
0.13931972789115646,0.46888953315258547,0.13980820316740394,145.12324833369757
0.1509297052154195,0.4917634953853134,0.15087843221253827,149.64070353474654
0.16253968253968254,0.5012642916804168,0.15025804901775083,147.94665783435318
0.17414965986394557,0.5100598640775299,0.14999723156061445,146.25261213395981
0.18575963718820862,0.5160080069930021,0.14962950431786484,144.55856643356645
0.19736961451247165,0.5186770218486556,0.14988972742598008,142.8645207331731
0.2089795918367347,0.523836926079159,0.15024256372580344,141.1704750327797
0.22058956916099773,0.5279690107446621,0.1497839736724207,139.47642933238635
0.23219954648526078,0.5302115533213313,0.15074548887369468,137.782383631993
0.2438095238095238,0.5359763565045224,0.1563881839270905,136.08833793159965
0.25541950113378686,0.5376709761869292,0.16229902243598246,134.3942922312063
0.26702947845804986,0.5416294484460356,0.16684101780453986,132.70024653081293
0.2786394557823129,0.5481279792184601,0.170211950687375,131.00620083041954
0.29024943310657597,0.5525448116512137,0.1736015754538834,129.31215513002618
0.301859410430839,0.5616291702099748,0.17641898018806212,127.61810942963282
0.313469387755102,0.5676114129807643,0.17818525599187893,125.92406372923946
0.3250793650793651,0.570982407284494,0.18105472280844218,124.23001802884612
0.33668934240362813,0.5739381192278441,0.1849712929338777,122.53597232845277
0.34829931972789113,0.5734670029325144,0.18980558809501047,120.84192662805941
0.3599092970521542,0.5729453320113783,0.19437807794044493,119.14788092766605
0.37151927437641724,0.5756909775693112,0.2002426959866993,117.45383522727269
0.3831292517006803,0.5770146721720434,0.20684436936151657,117.45383522727269
0.3947392290249433,0.5809201513476284,0.21371348136175874,117.45383522727269
0.40634920634920635,0.5842846278370114,0.2209944629312681,117.45383522727269
0.4179591836734694,0.5851006268691474,0.22790568929184696,117.45383522727269
0.4295691609977324,0.5890000677294818,0.2349410593227447,117.45383522727269
0.44117913832199546,0.5906161941327183,0.24060927636867518,117.45383522727269
0.4527891156462585,0.5937112306827784,0.24672655233696208,117.45383522727269
0.46439909297052157,0.5997032128271683,0.25204567205435907,117.45383522727269
0.47600907029478456,0.6030984447259119,0.2568165271038828,117.45383522727269
0.4876190476190476,0.6079491226398311,0.26199683149231656,117.45383522727269
0.4992290249433107,0.6133974347337006,0.26794794855597825,117.45383522727269
0.5108390022675737,0.6153043496289814,0.2736230842687801,117.45383522727269
0.5224489795918368,0.6178390131750826,0.2810611406760396,117.45383522727269
0.5340589569160997,0.61842741880459,0.2880035317520791,117.45383522727269
0.5456689342403628,0.6166309139976608,0.2921392006770659,117.45383522727269
0.5572789115646258,0.6151083622044616,0.2951069155591721,117.45383522727269
0.5688888888888889,0.6113738449377574,0.29931249448342395,117.45383522727269
0.5804988662131519,0.6060728354481217,0.30373477567905216,117.45383522727269
0.592108843537415,0.6015417641628772,0.3088589095658278,117.45383522727269
0.603718820861678,0.5968111296910095,0.3148261879489488,117.45383522727269
0.615328798185941,0.5946564944787793,0.3220572911576435,117.45383522727269
0.626938775510204,0.5960363675811388,0.32868498985602806,117.45383522727269
0.6385487528344671,0.6002875125950689,0.33261585262731147,117.45383522727269
0.6501587301587302,0.6074628141746474,0.3354191834620296,117.45383522727269
0.6617687074829932,0.61473515528738,0.3368757151048771,117.45383522727269
0.6733786848072563,0.6192240426998826,0.3359025821375131,117.45383522727269
0.6849886621315193,0.6222099486290285,0.3354540119473522,117.45383522727269
0.6965986394557823,0.6239385669659385,0.33524142904609944,117.45383522727269
0.7082086167800453,0.6246743836291234,0.33489922864350746,117.45383522727269
0.7198185941043084,0.625665366097735,0.335587345755474,117.45383522727269
0.7314285714285714,0.6248332737265894,0.3370211205099792,117.45383522727269
0.7430385487528345,0.6225708500090052,0.34038222206336627,117.45383522727269
0.7546485260770975,0.6172384152570006,0.34423335967647684,117.45383522727269
0.7662585034013606,0.6119680720236274,0.3500498601076729,117.45383522727269
0.7778684807256235,0.606927888356387,0.3555771330868632,117.45383522727269
0.7894784580498866,0.6017704346313146,0.3591888658633049,117.45383522727269
0.8010884353741496,0.5996292398510348,0.36175599224260935,117.45383522727269
0.8126984126984127,0.5979877530056547,0.36196317740000455,117.45383522727269
0.8243083900226758,0.5996760259512819,0.3609144703507271,117.45383522727269
0.8359183673469388,0.6053218989013783,0.35747517132101475,117.45383522727269
0.8475283446712019,0.6147878640448041,0.3521156799623824,117.45383522727269
0.8591383219954648,0.6274870096688338,0.3473783291451734,117.45383522727269
0.8707482993197279,0.638608906869103,0.3426488470647889,117.45383522727269
0.8823582766439909,0.647480394334166,0.33944180485563935,117.45383522727269
0.893968253968254,0.6520927491496024,0.33828153483629236,117.45383522727269
0.905578231292517,0.6530034649152512,0.33980290190881307,117.45383522727269
0.9171882086167801,0.6529576161273076,0.3410186519597108,117.45383522727269
0.9287981859410431,0.6515434214916566,0.34265939560154557,117.45383522727269
0.9404081632653061,0.6483626124324294,0.3457622829279524,117.45383522727269
0.9520181405895691,0.6450921539090321,0.3507731439146061,117.45383522727269
0.9636281179138322,0.6430885777788792,0.3550819789906133,117.45383522727269
0.9752380952380952,0.6413667615824129,0.3599300769564914,117.45383522727269
0.9868480725623583,0.6425917926198768,0.3644762801844682,117.45383522727269
0.9984580498866213,0.6450144871031781,0.3670722412521878,117.45383522727269
1.0100680272108844,0.6482702666894222,0.3683987285063257,117.45383522727269
1.0216780045351475,0.6526835378173313,0.3692007651551387,117.45383522727269
1.0332879818594105,0.6564684892326824,0.36832302791029997,117.45383522727269
1.0448979591836736,0.6605332078894968,0.36808021768896554,117.45383522727269
1.0565079365079366,0.6655618209303075,0.36752884982197653,117.45383522727269
1.0681179138321995,0.6696629766993397,0.36516963090571236,117.45383522727269
1.0797278911564625,0.6751471861677512,0.36419224325767735,117.45383522727269
1.0913378684807256,0.6829108789195777,0.3636218516292897,117.45383522727269
1.1029478458049886,0.6894494924430767,0.3618220854208443,117.45383522727269
1.1145578231292517,0.6994546193817022,0.36292926867407904,117.45383522727269
1.1261678004535147,0.7104728315286812,0.36387367269615967,117.45383522727269
1.1377777777777778,0.7206537009098891,0.3647741847712808,117.45383522727269
1.1493877551020408,0.7286645646028165,0.36555957817523704,117.45383522727269
1.1609977324263039,0.7354170178563783,0.3666336766035832,117.45383522727269
1.172607709750567,0.7413898947327627,0.36816889753415616,117.45383522727269
1.18421768707483,0.7471805956862302,0.3682187300899942,117.45383522727269
1.195827664399093,0.7546066174640378,0.36668733752337157,117.45383522727269
1.207437641723356,0.7619148920944602,0.3629713199525332,117.45383522727269
1.2190476190476192,0.7706564521712799,0.3590101706229639,117.45383522727269
1.230657596371882,0.7826188293625619,0.3545736613989907,117.45383522727269
1.242267573696145,0.7988193063009081,0.35016778891213146,117.45383522727269
1.253877551020408,0.8162301377491079,0.3453679495431989,117.45383522727269
1.2654875283446712,0.8299238391943098,0.3408298717566213,117.45383522727269
1.2770975056689342,0.8395649202990868,0.3378564725346155,117.45383522727269
1.2887074829931973,0.8413014756712861,0.33501500229740744,117.45383522727269
1.3003174603174603,0.8360223351957021,0.33286124730600714,117.45383522727269
1.3119274376417234,0.8289286038819562,0.3348748031762457,117.45383522727269
1.3235374149659864,0.8218263716998125,0.3376579168261939,117.45383522727269
1.3351473922902495,0.818594444181671,0.34071326987420314,117.45383522727269
1.3467573696145125,0.820211813909197,0.3427606415863545,117.45383522727269
1.3583673469387756,0.8248526495252162,0.34481583960921963,117.45383522727269
1.3699773242630386,0.8275460778725372,0.34671140724897065,117.45383522727269
1.3815873015873017,0.8277589272803463,0.3481587302606379,117.45383522727269
1.3931972789115645,0.823564582428188,0.3499171443231011,117.45383522727269
1.4048072562358276,0.8169545042630231,0.35194482774307373,117.45383522727269
1.4164172335600906,0.8084352365937998,0.35337583056689587,117.45383522727269
1.4280272108843537,0.7970066527354757,0.35575834592903743,117.45383522727269
1.4396371882086167,0.783825682806151,0.36026638622299734,117.45383522727269
1.4512471655328798,0.7684327064410865,0.36495795158172767,117.45383522727269
1.4628571428571429,0.7536674112596331,0.37017152424462446,117.45383522727269
1.474467120181406,0.7424253405019801,0.37401240411328995,117.45383522727269
1.486077097505669,0.735509199750448,0.37746673382260254,117.45383522727269
1.497687074829932,0.7337885473633458,0.3797035407140507,117.45383522727269
1.509297052154195,0.7356000202526118,0.38091025176579135,117.45383522727269
1.5209070294784581,0.7354315859545446,0.3819631893502258,117.45383522727269
1.5325170068027212,0.7299143536966247,0.38439740961157454,117.45383522727269
1.5441269841269842,0.7181942367974088,0.3890063542949673,117.45383522727269
1.555736961451247,0.7029100055263473,0.3922148085564827,117.45383522727269
1.5673469387755101,0.6886460350832784,0.396780221631671,117.45383522727269
1.5789569160997732,0.6798471013734061,0.4014031820549039,117.45383522727269
1.5905668934240362,0.6791447869988257,0.4068086927147559,117.45383522727269
1.6021768707482993,0.6873605317402112,0.4113709260297255,117.45383522727269
1.6137868480725623,0.7000873581964826,0.4115105620883122,117.45383522727269
1.6253968253968254,0.7154475430881851,0.4120783077211745,117.45383522727269
1.6370068027210884,0.7289492232169686,0.4127323187189715,117.45383522727269
1.6486167800453515,0.7364172626090374,0.4130028860520824,117.45383522727269
1.6602267573696146,0.7410773408370244,0.412895872432641,117.45383522727269
1.6718367346938776,0.7474469706866071,0.41312717284256395,117.45383522727269
1.6834467120181407,0.7569325302353073,0.41096431124517524,117.45383522727269
1.6950566893424037,0.7691880114896454,0.4082705725801847,117.45383522727269
1.7066666666666668,0.782015262887262,0.40664058347992266,117.55889232497151
1.7182766439909296,0.7929653186953839,0.40575973662122483,117.66394942267033
1.7298866213151927,0.8013846095982965,0.4041368683035629,117.76900652036915
1.7414965986394557,0.8090151124403916,0.4004809096080619,117.87406361806796
1.7531065759637188,0.8194599135451752,0.39918903103014436,117.97912071576678
1.7647165532879818,0.8307415345448562,0.39689314533719366,118.0841778134656
1.7763265306122449,0.8414589561859821,0.39347672052053456,118.18923491116442
1.787936507936508,0.8492883764571239,0.39088876725963334,118.29429200886324
1.799546485260771,0.8518975984983556,0.3898065955114474,118.39934910656206
1.811156462585034,0.8512646115006257,0.3885915868466928,118.50440620426087
1.822766439909297,0.8505734340346998,0.3874880629854269,118.60946330195969
1.8343764172335602,0.853408447140249,0.3842769852311832,118.7145203996585
1.8459863945578232,0.8567701381976969,0.37965973643285356,118.8195774973573
1.8575963718820863,0.8622378663906438,0.377987837956306,118.92463459505612
1.8692063492063493,0.8693204198335013,0.3736977696021909,119.02969169275494
1.8808163265306121,0.8752440311896895,0.3671903924950409,119.13474879045374
1.8924263038548752,0.8830525245781695,0.3609485367710054,119.23980588815255
1.9040362811791383,0.8867411496851527,0.3561290327002011,119.34486298585136
1.9156462585034013,0.8855898771744779,0.35124419001763263,119.44992008355018
1.9272562358276644,0.8801649159637264,0.34686182862383197,119.554977181249
1.9388662131519274,0.8717315629667186,0.34324507429249584,119.6600342789478
1.9504761904761905,0.8623409466485917,0.3400923737650696,119.76509137664661
1.9620861678004535,0.8520826658731085,0.33857153964505254,119.87014847434543
1.9736961451247166,0.8410854818096057,0.33690674555002953,119.97520557204425
1.9853061224489796,0.825207490904054,0.3374371999270224,120.08026266974306
1.9969160997732427,0.8090219314476377,0.33877590585023104,120.18531976744187
2.0085260770975055,0.7926095062706378,0.33911428736309707,120.18531976744187
2.020136054421769,0.778368513231491,0.33905995042553916,120.18531976744187
2.0317460317460316,0.7688936785595588,0.3392494658114888,120.29537958407872
2.043356009070295,0.7621247849927671,0.3382034581303295,120.40543940071557
2.0549659863945577,0.7557171084561112,0.33458511806922975,120.51549921735241
2.066575963718821,0.748901375779122,0.3324630887960695,120.62555903398926
2.078185941043084,0.7404236414059773,0.33160214548357264,120.73561885062611
2.089795918367347,0.7331190027762384,0.3310125903546151,120.84567866726296
2.10140589569161,0.7277879776070036,0.3283222617539326,120.95573848389981
2.1130158730158732,0.7218259027127691,0.3263305106963301,121.06579830053666
2.124625850340136,0.718190709226169,0.3263738069778848,121.1758581171735
2.136235827664399,0.7134289723707202,0.32819236101110827,121.28591793381035
2.147845804988662,0.7124113379448117,0.3283294871441474,121.3959777504472
2.159455782312925,0.7137653566486725,0.3254377940739244,121.50603756708406
2.1710657596371883,0.7149604707978082,0.32531501586290973,121.61609738372091
2.182675736961451,0.7154233464554057,0.326530641366897,121.72615720035776
2.1942857142857144,0.7103493400303158,0.3266749085693662,121.83621701699461
2.2058956916099772,0.7044506770843844,0.3270849591629686,121.94627683363146
2.2175056689342405,0.699919314244413,0.3302358274720756,122.05633665026832
2.2291156462585033,0.6957837887512254,0.3323675441974566,122.16639646690517
2.2407256235827666,0.6936083760480114,0.33316130397185745,122.27645628354202
2.2523356009070294,0.6953179059837185,0.33448267062812415,122.38651610017888
2.2639455782312927,0.6964218116942358,0.3331885590789802,122.49657591681573
2.2755555555555556,0.6972099515879335,0.33258910550569476,122.60663573345258
2.2871655328798184,0.6992855610119469,0.3330112785830771,122.71669555008943
2.2987755102040817,0.6985659196122402,0.33543205599508524,122.82675536672627
2.3103854875283445,0.6976635456851379,0.3372207656761033,122.93681518336314
2.3219954648526078,0.6950477672768686,0.3386152743207013,123.04687499999999
2.3336054421768706,0.6904262007777919,0.34020689431350265,123.04687499999999
2.345215419501134,0.6865197505562987,0.34363627263175245,123.04687499999999
2.3568253968253967,0.6826363741204556,0.3457866064054782,123.04687499999999
2.36843537414966,0.6779345481470453,0.3458459656993926,123.04687499999999
2.380045351473923,0.6748719633247561,0.34741138638728963,123.04687499999999
2.391655328798186,0.6716739910893401,0.34983606237825937,123.04687499999999
2.403265306122449,0.6718237996184983,0.3513031118808829,123.04687499999999
2.414875283446712,0.6776419018971968,0.35210075033945054,123.04687499999999
2.426485260770975,0.6833170845307359,0.3504856454149933,123.04687499999999
2.4380952380952383,0.6889572468634565,0.3492676993423018,123.04687499999999
2.449705215419501,0.6898500573136116,0.3489290270127468,123.04687499999999
2.461315192743764,0.686042786299631,0.34849142315396037,123.04687499999999
2.4729251700680273,0.6800407202169637,0.3485500064617572,123.04687499999999
2.48453514739229,0.6724543987589203,0.34938373760252456,123.04687499999999
2.4961451247165534,0.6648504659496534,0.3510048593284402,123.04687499999999
2.507755102040816,0.6594647248735116,0.35276340339714196,123.04687499999999
2.5193650793650795,0.6556234407477688,0.3525631922519212,123.04687499999999
2.5309750566893423,0.655539733217121,0.35250089746560026,123.04687499999999
2.5425850340136056,0.657186636715607,0.3523691464814531,123.04687499999999
2.5541950113378684,0.6588236321724689,0.3521017695090444,123.04687499999999
2.5658049886621317,0.6634688941193403,0.35289823951668137,123.04687499999999
2.5774149659863945,0.670431630617207,0.351986572530619,123.04687499999999
2.589024943310658,0.6784538721731083,0.34934298108424156,123.04687499999999
2.6006349206349206,0.6861595069816143,0.3455823962922448,123.04687499999999
2.6122448979591835,0.6941338179042502,0.3452871605459797,123.04687499999999
2.6238548752834467,0.7018173499730146,0.34466843488285204,123.04687499999999
2.6354648526077096,0.7105735673010988,0.3412859266376189,123.04687499999999
2.647074829931973,0.7198513013395546,0.33793366442160644,123.04687499999999
2.6586848072562357,0.7260740839885678,0.3361311243220317,123.04687499999999
2.670294784580499,0.7285738428919238,0.33564422916852266,123.04687499999999
2.681904761904762,0.729271053854014,0.3369982315224818,123.04687499999999
2.693514739229025,0.7283017211310232,0.33609777819587017,123.04687499999999
2.705124716553288,0.7266375171123862,0.3360364109620044,123.04687499999999
2.716734693877551,0.7225480909996345,0.33532133928860175,123.04687499999999
2.728344671201814,0.7165315315146399,0.3358372333506255,123.04687499999999
2.7399546485260773,0.7087188985309483,0.33693827420182726,123.04687499999999
2.75156462585034,0.7003978278373558,0.33835498218747023,123.04687499999999
2.7631746031746034,0.6946623150612621,0.34179557347294504,123.04687499999999
2.7747845804988662,0.6924016213956934,0.3444014461663891,123.04687499999999
2.786394557823129,0.6919417118857707,0.34385085709264185,123.04687499999999
2.7980045351473923,0.6936703663658287,0.34223281376059517,123.04687499999999
2.809614512471655,0.6950304089276808,0.3419487480438655,123.04687499999999
2.8212244897959184,0.6974767699442587,0.342313229054936,123.04687499999999
2.8328344671201813,0.7011259893818058,0.3401484414277498,123.04687499999999
2.8444444444444446,0.7058262901143725,0.3374893632819766,123.04687499999999
2.8560544217687074,0.7101764312105323,0.33546026318860184,123.04687499999999
2.8676643990929707,0.7121461026583668,0.3348168410919056,123.04687499999999
2.8792743764172335,0.712154244504828,0.3354340390111037,123.04687499999999
2.8908843537414968,0.7116045144531681,0.3358989124596896,123.04687499999999
2.9024943310657596,0.7125014476317325,0.33595693879810873,123.04687499999999
2.914104308390023,0.7126591666912049,0.33468002674902725,123.04687499999999
2.9257142857142857,0.7126508537671769,0.33339505091465677,123.04687499999999
2.9373242630385485,0.712059474761365,0.3338512245346351,123.04687499999999
2.948934240362812,0.7090854864328692,0.33414319916142665,123.04687499999999
2.9605442176870747,0.7069563128635967,0.334806060590632,123.04687499999999
2.972154195011338,0.7058583177625406,0.3356267955891785,123.04687499999999
2.9837641723356008,0.7019787965958119,0.33472971002390467,123.04687499999999
2.995374149659864,0.6994918034523111,0.3362169855040622,123.04687499999999
3.006984126984127,0.6939709135078189,0.33737813346020545,123.04687499999999
3.01859410430839,0.6876215286401733,0.3394491222677274,123.04687499999999
3.030204081632653,0.6829063754833433,0.3418295964856032,123.04687499999999
3.0418140589569163,0.6786024181016314,0.3414179045817783,123.04687499999999
3.053424036281179,0.6772489198591011,0.34087707223181724,123.04687499999999
3.0650340136054424,0.6759124064865631,0.33996605090546556,123.04687499999999
3.076643990929705,0.6727303083217258,0.338647718560405,123.04687499999999
3.0882539682539685,0.6723396755882468,0.33969024352277655,123.04687499999999
3.0998639455782313,0.6718597837365954,0.3401543915916839,123.04687499999999
3.111473922902494,0.672763425083419,0.3406009180449026,123.04687499999999
3.1230839002267574,0.6711216683692008,0.33976327651689325,123.04687499999999
3.1346938775510202,0.6651643595514093,0.33983353774145975,123.04687499999999
3.1463038548752835,0.6592191394118345,0.3421488107452786,123.04687499999999
3.1579138321995464,0.653219425043327,0.3421464007850607,123.04687499999999
3.1695238095238096,0.6504239115793984,0.34037718083635093,123.04687499999999
3.1811337868480725,0.6487561317986578,0.338620925088175,123.04687499999999
3.1927437641723357,0.647260188590978,0.3380742525347212,123.04687499999999
3.2043537414965986,0.6456537846945394,0.3380830392261129,123.04687499999999
3.215963718820862,0.6463743899115245,0.33759362641345303,123.04687499999999
3.2275736961451247,0.6470418936155446,0.33671681435338713,123.04687499999999
3.239183673469388,0.6475044656706995,0.336511212032695,123.04687499999999
3.250793650793651,0.6487540547724224,0.3366527541970098,123.04687499999999
3.2624036281179136,0.6483362713062049,0.33638506529651807,123.04687499999999
3.274013605442177,0.6494775273458117,0.3364218085283121,123.04687499999999
3.2856235827664397,0.6531414907781783,0.33697597593518436,123.04687499999999
3.297233560090703,0.6556219805645919,0.3358793914362945,123.04687499999999
3.308843537414966,0.6581213900841845,0.33667210175314055,123.04687499999999
3.320453514739229,0.6597124933813251,0.3376388473473726,123.04687499999999
3.332063492063492,0.6585720517673187,0.33867045413335445,123.04687499999999
3.3436734693877552,0.6575045590735875,0.3405245662400034,123.04687499999999
3.355283446712018,0.6567787323764953,0.3405761503755196,123.04687499999999
3.3668934240362813,0.6553947510029857,0.34037466323406745,123.04687499999999
3.378503401360544,0.6557670977131462,0.34130412905147484,123.04687499999999
3.3901133786848074,0.6541374826870955,0.3410802078184733,123.04687499999999
3.4017233560090703,0.6528411990477669,0.34167805916370847,123.04687499999999
3.4133333333333336,0.652482651791493,0.3401523851980226,123.04687499999999
3.4249433106575964,0.6534828676296338,0.3394972735946052,123.04687499999999
3.436553287981859,0.6573447605783367,0.33918856287532384,123.04687499999999
3.4481632653061225,0.6599093289650501,0.33765044911412606,123.04687499999999
3.4597732426303853,0.6622174183452946,0.33707662659067816,123.04687499999999
3.4713832199546486,0.6623216021740264,0.33835390799445386,123.04687499999999
3.4829931972789114,0.660549395200691,0.33930710806313436,123.04687499999999
3.4946031746031747,0.658799898171983,0.3403738873029058,123.04687499999999
3.5062131519274375,0.6571607437644172,0.3405024557381012,123.04687499999999
3.517823129251701,0.6544820955550638,0.34048270593274815,123.04687499999999
3.5294331065759637,0.6518292439151725,0.3417049861815376,123.04687499999999
3.541043083900227,0.6505103563511173,0.3422887530531708,123.04687499999999
3.5526530612244898,0.6482798277568259,0.3426619927055778,123.04687499999999
3.564263038548753,0.6470419755400134,0.34386497416154116,123.04687499999999
3.575873015873016,0.6470691696445294,0.34467192903204963,123.04687499999999
3.5874829931972787,0.6468515083789569,0.34393084206965624,123.04687499999999
3.599092970521542,0.6462837814491623,0.34604314328745134,123.04687499999999
3.610702947845805,0.6465681316417853,0.3483297456536711,123.04687499999999
3.622312925170068,0.6467843279050944,0.3505834156719985,123.04687499999999
3.633922902494331,0.6484802631980865,0.34951328219305455,123.04687499999999
3.645532879818594,0.652105898026826,0.347702635689734,123.04687499999999
3.657142857142857,0.6551206510071207,0.3486181118957766,123.04687499999999
3.6687528344671203,0.6586006169019135,0.3486438958163114,123.04687499999999
3.680362811791383,0.660582866165234,0.3490978022670494,123.04687499999999
3.6919727891156464,0.663408337479725,0.35070715654565343,123.04687499999999
3.7035827664399092,0.6662300185827679,0.35014087739516714,123.04687499999999
3.7151927437641725,0.6665774530258194,0.3489008141979436,123.04687499999999
3.7268027210884354,0.6644515708925536,0.34811048085030377,123.04687499999999
3.7384126984126986,0.6581952401736151,0.34861772768360644,123.04687499999999
3.7500226757369615,0.6494664000753302,0.34979613408835064,123.04687499999999
3.7616326530612243,0.640079658302663,0.35138559783472545,123.04687499999999
3.7732426303854876,0.6329444563409614,0.351108696807085,123.04687499999999
3.7848526077097504,0.6276428516941562,0.35167532588026285,123.04687499999999
3.7964625850340137,0.624336423509921,0.35298137491609044,123.04687499999999
3.8080725623582765,0.6219834684353568,0.35489413144921966,123.04687499999999
3.81968253968254,0.6191321885036878,0.35674630132389423,123.04687499999999
3.8312925170068026,0.6188302775602483,0.35652514412960296,123.04687499999999
3.842902494331066,0.6177918801006153,0.3562719409077697,123.04687499999999
3.8545124716553287,0.6160935955030064,0.35541257074174076,123.04687499999999
3.866122448979592,0.6159562708171494,0.3546803887980191,123.04687499999999
3.877732426303855,0.6144454800042926,0.3541108598993593,123.04687499999999
3.889342403628118,0.6142439120777297,0.3548868510748712,123.04687499999999
3.900952380952381,0.617336695704901,0.3522112553736022,123.04687499999999
3.912562358276644,0.621540881131474,0.3491315945781827,123.04687499999999
3.924172335600907,0.6286435759459112,0.34556824609340625,123.04687499999999
3.93578231292517,0.6367272753105834,0.3443759141886672,123.04687499999999
3.947392290249433,0.645730651532052,0.344304674014018,123.04687499999999
3.959002267573696,0.6540397564341305,0.34254554186942116,123.04687499999999
3.9706122448979593,0.6610726829253121,0.34037647681808747,123.04687499999999
3.982222222222222,0.666444535394469,0.33817141705417314,123.04687499999999
3.9938321995464854,0.6679465651082633,0.3358385532046142,123.04687499999999
4.005442176870749,0.6677654638416117,0.33473274271219733,123.04687499999999
4.017052154195011,0.6659231608471459,0.33636108073824394,123.04687499999999
4.028662131519274,0.6658575441668179,0.3381594429179887,123.04687499999999
4.040272108843538,0.6691403684658999,0.3385300859990224,123.04687499999999
4.051882086167801,0.6754983867268185,0.3388584675466626,123.04687499999999
4.063492063492063,0.6830551117657789,0.3384311024694072,123.04687499999999
4.0751020408163265,0.6881857810086787,0.3388028067952248,123.04687499999999
4.08671201814059,0.6896292250891924,0.33962325661912707,123.04687499999999
4.098321995464852,0.6881180391112514,0.3398567591137067,123.04687499999999
4.1099319727891155,0.6844059739680521,0.3410500899667435,123.04687499999999
4.121541950113379,0.6800800102283264,0.34142746805258006,123.04687499999999
4.133151927437642,0.6771851753938368,0.3426809339602249,123.04687499999999
4.144761904761904,0.6730348697626816,0.34223472776317065,123.04687499999999
4.156371882086168,0.6712370421165376,0.3422928287622661,123.04687499999999
4.167981859410431,0.6697665629613587,0.34259998599003527,123.04687499999999
4.179591836734694,0.6668665741139717,0.3436731499229685,123.04687499999999
4.191201814058957,0.6657547867876586,0.34436000327455296,123.04687499999999
4.20281179138322,0.6632155908908046,0.34673219717717807,123.04687499999999
4.214421768707483,0.6597719633169588,0.3477328639342408,123.04687499999999
4.2260317460317465,0.6557550716830524,0.3480214559972563,123.04687499999999
4.237641723356009,0.6502684695382467,0.34727080560750995,123.04687499999999
4.249251700680272,0.6440339548234099,0.3482371013011204,123.04687499999999
4.260861678004535,0.6415464267613192,0.3497307769926928,123.04687499999999
4.272471655328798,0.6408457243711374,0.351642546734753,123.04687499999999
4.284081632653061,0.6416384568541678,0.35176569918726774,123.04687499999999
4.295691609977324,0.6445959518594833,0.35258455817305356,123.04687499999999
4.307301587301588,0.6456093551275387,0.35436150422360757,123.04687499999999
4.31891156462585,0.6482415762585811,0.3538769835590831,123.04687499999999
4.330521541950113,0.6503882961214106,0.35322044297856814,123.04687499999999
4.342131519274377,0.6495860893145314,0.35352708483203293,123.04687499999999
4.35374149659864,0.6488185606533369,0.35574960004332,123.04687499999999
4.365351473922902,0.6475460013763213,0.3585861295920907,123.04687499999999
4.3769614512471655,0.6496277671832019,0.35920109021535895,123.04687499999999
4.388571428571429,0.6566559950651504,0.3579076932500908,123.04687499999999
4.400181405895691,0.6640321947182831,0.3563251198271802,123.04687499999999
4.4117913832199545,0.6753255670601337,0.35154150395861067,123.04687499999999
4.423401360544218,0.6873045580517558,0.3461930984061232,123.04687499999999
4.435011337868481,0.6965409684243908,0.341313557741107,123.04687499999999
4.446621315192743,0.7058460748735592,0.3392778889084657,123.04687499999999
4.458231292517007,0.7112708409113121,0.33829277421055176,123.04687499999999
4.46984126984127,0.7148703105104803,0.3374074758504857,123.04687499999999
4.481451247165533,0.7181275189558399,0.3362582345421968,123.04687499999999
4.493061224489796,0.7191466497080734,0.3345793004761275,123.04687499999999
4.504671201814059,0.7179262184885717,0.3344657644241481,123.04687499999999
4.516281179138322,0.7161030014857659,0.335640011836326,123.04687499999999
4.527891156462585,0.7121282768577988,0.3365486638361983,123.04687499999999
4.539501133786848,0.7080058255459954,0.33816359573180915,123.04687499999999
4.551111111111111,0.7032894290648758,0.3400996823166662,123.04687499999999
4.562721088435374,0.6943291716189093,0.3397519634979908,123.04687499999999
4.574331065759637,0.685418242341262,0.33948681480473303,123.04687499999999
4.5859410430839,0.6784731123755323,0.34108624411700933,123.04687499999999
4.597551020408163,0.6709463692825666,0.3408907166599627,123.04687499999999
4.609160997732427,0.6665177228595204,0.3390736657444096,123.04687499999999
4.620770975056689,0.6648388254464709,0.339596258968598,123.04687499999999
4.632380952380952,0.6653651925672971,0.33922885746864523,123.04687499999999
4.6439909297052155,0.6698727250250547,0.3378777151566787,123.04687499999999
4.655600907029479,0.6743455528321525,0.33396653639314733,123.04687499999999
4.667210884353741,0.6776068575009464,0.3300426696625474,123.04687499999999
4.6788208616780045,0.6761913737596853,0.32915150841174395,123.04687499999999
4.690430839002268,0.6723737609863051,0.33029596294437585,123.04687499999999
4.702040816326531,0.6693819131236364,0.33162429600449483,123.04687499999999
4.713650793650793,0.6644809504527488,0.3336413187446517,123.04687499999999
4.725260770975057,0.6599965905719123,0.3369436886114769,123.04687499999999
4.73687074829932,0.6538263600600155,0.33940986458722155,123.04687499999999
4.748480725623582,0.6453627962104097,0.34183402690188736,123.04687499999999
4.760090702947846,0.6373667632558572,0.3452926170533637,123.04687499999999
4.771700680272109,0.6293513190213135,0.34948261310081863,123.04687499999999
4.783310657596372,0.6245886809967093,0.3523829893205006,123.04687499999999
4.794920634920635,0.6228051612180663,0.35433391766183836,123.04687499999999
4.806530612244898,0.6236215024053362,0.35470174497143164,122.83175808566432
4.818140589569161,0.6257019694684339,0.35443780312071715,122.61664117132865
4.829750566893424,0.6295807219908829,0.3554379783736307,122.40152425699299
4.841360544217687,0.6344560398935299,0.3553380957573047,122.18640734265732
4.85297052154195,0.6402977484669246,0.3527540292558831,121.97129042832165
4.864580498866213,0.647372441979875,0.35168851482173147,121.75617351398598
4.876190476190477,0.6536965627871048,0.3512188259279839,121.54105659965032
4.887800453514739,0.658485573261995,0.3490025260140702,121.32593968531465
4.899410430839002,0.6635441802965159,0.3481121806056854,121.11082277097898
4.911020408163266,0.6703410342025602,0.348546692441331,120.89570585664332
4.922630385487528,0.6747189356458875,0.3481313310049573,120.68058894230765
4.934240362811791,0.6763272262146489,0.34882650593661296,120.465472027972
4.9458503401360545,0.6761124347150235,0.35068731655058805,120.25035511363633
4.957460317460318,0.673607230244043,0.35408628515190166,120.03523819930066
4.96907029478458,0.6704499455550437,0.35846589210831425,119.820121284965
4.9806802721088435,0.6672491541540878,0.36155131647165495,119.60500437062933
4.992290249433107,0.6638088252448779,0.36405750603338166,119.38988745629366
5.00390022675737,0.6608248927316099,0.3654043048149425,119.174770541958
5.015510204081632,0.6602306728743693,0.3661447661105482,118.95965362762234
5.027120181405896,0.6638013363846231,0.3659364894162644,118.74453671328668
5.038730158730159,0.6677296363438224,0.36553948626887756,118.52941979895101
5.050340136054421,0.6727142318495187,0.36483974447097767,118.31430288461534
5.061950113378685,0.678812477258419,0.3650129057436176,118.09918597027968
5.073560090702948,0.6848515852486465,0.3621153362914694,117.88406905594402
5.085170068027211,0.6906800051913125,0.36001680182642026,117.66895214160836
5.0967800453514736,0.6949731075809239,0.35878050800163586,117.45383522727269
5.108390022675737,0.6987809809807036,0.35814380237308774,117.45383522727269
5.12,0.7004305036526441,0.35790403990324465,117.45383522727269
5.131609977324263,0.7010488478563683,0.3567643664727896,117.45383522727269
5.143219954648526,0.700955273246331,0.35665699809759605,117.45383522727269
5.154829931972789,0.6980473232682227,0.35695180391808745,117.45383522727269
5.166439909297052,0.6954953037824768,0.3585287394074095,117.45383522727269
5.178049886621316,0.6928503554442702,0.3598485598922283,117.45383522727269
5.189659863945578,0.6888889025802298,0.362967431871198,117.45383522727269
5.201269841269841,0.6843263939849001,0.3650710310075605,117.45383522727269
5.2128798185941045,0.6761600256026982,0.36711519559997846,117.45383522727269
5.224489795918367,0.6679811709676516,0.3701341396788828,117.45383522727269
5.23609977324263,0.6621438790869363,0.37297025353962526,117.45383522727269
5.2477097505668935,0.6587233710800611,0.37334300570286905,117.45383522727269
5.259319727891157,0.6569784425452537,0.3721632638265451,117.45383522727269
5.270929705215419,0.6578124601414137,0.3696247498129255,117.45383522727269
5.282539682539682,0.6600916566891885,0.367445090163797,117.45383522727269
5.294149659863946,0.6615472328196969,0.3654482676442852,117.45383522727269
5.305759637188209,0.6648405289935111,0.36412496471908956,117.45383522727269
5.317369614512471,0.66685586128492,0.363598550802428,117.45383522727269
5.328979591836735,0.6653947576623188,0.3630236991399787,117.45383522727269
5.340589569160998,0.6654932646072793,0.363598496065712,117.45383522727269
5.352199546485261,0.6661342850220262,0.3646910176474803,117.45383522727269
5.363809523809524,0.6649483777374445,0.3640717901484763,117.45383522727269
5.375419501133787,0.6634395627500087,0.3645236808247195,117.45383522727269
5.38702947845805,0.6591709678242491,0.36674302678788506,117.45383522727269
5.3986394557823125,0.6530354443725552,0.3697047823051677,117.45383522727269
5.410249433106576,0.6495166559177797,0.3694290147638651,117.45383522727269
5.421859410430839,0.6486411941786396,0.36859508266691177,117.45383522727269
5.433469387755102,0.6500761036571513,0.36952622778955785,117.45383522727269
5.445079365079365,0.6531028248385033,0.3712349938081433,117.45383522727269
5.456689342403628,0.6561409455687182,0.3728832555543702,117.45383522727269
5.468299319727891,0.6593620180947594,0.3738682625596337,117.45383522727269
5.479909297052155,0.6632191377383899,0.3744937663216838,117.45383522727269
5.491519274376417,0.6693069112725579,0.3721432207216292,117.45383522727269
5.50312925170068,0.6774901970575429,0.3709762330089498,117.45383522727269
5.5147392290249435,0.6860619903589076,0.37029950830264524,117.45383522727269
5.526349206349207,0.6924849723139479,0.36781311007725553,117.45383522727269
5.537959183673469,0.6951039771005574,0.36642804210261426,117.45383522727269
5.5495691609977325,0.6933579859572004,0.3685341453512998,117.45383522727269
5.561179138321996,0.6907529251970692,0.3705475402070072,117.45383522727269
5.572789115646258,0.6880511477825724,0.3722586420631384,117.45383522727269
5.584399092970521,0.6846151512320297,0.37345559004904516,117.45383522727269
5.596009070294785,0.682369575040476,0.374429992856467,117.45383522727269
5.607619047619048,0.678660247138348,0.37674681048411146,117.45383522727269
5.61922902494331,0.6796972470629271,0.37874788614513977,117.45383522727269
5.630839002267574,0.6831060037276327,0.37783206942533826,117.66895214160836
5.642448979591837,0.6900710774824002,0.37638122118573475,117.88406905594402
5.6540589569161,0.6972142068412185,0.37485780489582726,118.09918597027969
5.6656689342403626,0.7032805089359623,0.37339556379326505,118.31430288461536
5.677278911564626,0.7099887856245588,0.37423243348806573,118.52941979895103
5.688888888888889,0.7142465809777117,0.3721315330186438,118.74453671328669
5.7004988662131515,0.7188771567588002,0.3697335710174267,118.95965362762236
5.712108843537415,0.7189136203759933,0.3688561473382009,119.17477054195803
5.723718820861678,0.7169746200035075,0.3684635207278248,119.38988745629369
5.735328798185941,0.7143162721955849,0.3665360702874201,119.60500437062936
5.746938775510204,0.7136592620521859,0.364338149895808,119.82012128496503
5.758548752834467,0.7156504965020862,0.3631060606243508,120.0352381993007
5.77015873015873,0.716865561668889,0.3624203022007127,120.25035511363635
5.7817687074829935,0.7167832589019251,0.36239636460513525,120.46547202797201
5.793378684807256,0.7136851598224622,0.3639246062878132,120.68058894230768
5.804988662131519,0.7088060203843054,0.36495040295783604,120.89570585664335
5.8165986394557825,0.7050056093398053,0.3663493821372837,121.11082277097901
5.828208616780046,0.7033628237506423,0.3677061733179367,121.32593968531467
5.839818594104308,0.7037179446364908,0.3664108630251723,121.54105659965033
5.851428571428571,0.7049602520986737,0.3648017429366403,121.756173513986
5.863038548752835,0.7054816820654902,0.3643937168912144,121.97129042832167
5.874648526077097,0.7054779328162766,0.3634610086953774,122.18640734265733
5.88625850340136,0.7061445570370298,0.3637803417685878,122.401524256993
5.897868480725624,0.7081408756230748,0.3634058984427203,122.61664117132867
5.909478458049887,0.7103468027813297,0.36120527116773415,122.83175808566432
5.921088435374149,0.7042158815571411,0.3612148143745809,123.04687499999999
5.932698412698413,0.6949448171342533,0.3645827693510089,123.04687499999999
5.944308390022676,0.6817430239326241,0.3690036036583912,123.04687499999999
5.955918367346939,0.6705289135142237,0.3727702764951472,123.04687499999999
5.9675283446712015,0.6656879532880161,0.3753412795498054,123.04687499999999
5.979138321995465,0.6637534322563325,0.3745696042846828,123.04687499999999
5.990748299319728,0.6669224321443535,0.3740187336262121,123.04687499999999
6.002358276643991,0.6688228701875221,0.373671178766699,123.04687499999999
6.013968253968254,0.670081567362528,0.37659875518482344,123.04687499999999
6.025578231292517,0.6698960759081724,0.37954275884253336,123.04687499999999
6.03718820861678,0.6682180242447848,0.38175157267263554,123.04687499999999
6.048798185941043,0.6639257941098105,0.38214445342613984,123.04687499999999
6.060408163265306,0.6590133644228503,0.3821167637028729,123.04687499999999
6.072018140589569,0.6539647328971631,0.38185078951494883,123.04687499999999
6.0836281179138325,0.6489672005540446,0.38287125030647995,123.04687499999999
6.095238095238095,0.645988347357835,0.38325882859581867,123.04687499999999
6.106848072562358,0.6441082795928501,0.38302697912725253,123.04687499999999
6.1184580498866215,0.6436208241851046,0.38197297300969674,123.04687499999999
6.130068027210885,0.6443641128417422,0.3805174786440884,123.04687499999999
6.141678004535147,0.6462333689864043,0.38130712930827587,123.04687499999999
6.15328798185941,0.6509367635724355,0.3812965744877285,123.04687499999999
6.164897959183674,0.6586437115819838,0.37913299068004735,123.04687499999999
6.176507936507937,0.66578775897676,0.3778871928020251,123.04687499999999
6.188117913832199,0.6735723183726686,0.37589241548253505,123.04687499999999
6.199727891156463,0.679320281258459,0.3752509941781325,123.04687499999999
6.211337868480726,0.685340108084028,0.37561632523303723,123.04687499999999
6.222947845804988,0.6963012502003971,0.3718760981819673,123.04687499999999
6.2345578231292516,0.7056656940603234,0.3673547922511106,123.04687499999999
6.246167800453515,0.7137589569019426,0.36548803386497086,123.04687499999999
6.257777777777778,0.7169941879038066,0.365532561323055,123.04687499999999
6.2693877551020405,0.713639609817875,0.3645250946830506,123.04687499999999
6.280997732426304,0.7112393650485357,0.3666312684211926,123.04687499999999
6.292607709750567,0.7116430671443127,0.3680543045783522,123.04687499999999
6.30421768707483,0.7163330261174798,0.36819164761239515,123.04687499999999
6.315827664399093,0.7234943402988023,0.36536508306339704,123.04687499999999
6.327437641723356,0.731187818961882,0.36275945085221456,123.04687499999999
6.339047619047619,0.7373699959889474,0.36203094846434325,123.04687499999999
6.350657596371882,0.7413421279484348,0.36379385513978557,123.04687499999999
6.362267573696145,0.7456660194810116,0.3635973058864477,123.04687499999999
6.373877551020408,0.7509545933182099,0.3623413725248659,123.04687499999999
6.3854875283446715,0.757997259182992,0.3595238006538346,123.04687499999999
6.397097505668934,0.7676381860770046,0.3566416740129176,123.04687499999999
6.408707482993197,0.7764992378104835,0.35363832294095826,123.04687499999999
6.42031746031746,0.7840213859045736,0.35079317129372256,123.04687499999999
6.431927437641724,0.7900618697439664,0.34855018942790966,123.04687499999999
6.443537414965986,0.7927176007879775,0.34697972169116204,123.04687499999999
6.455147392290249,0.7953593516623622,0.34570013661906107,123.04687499999999
6.466757369614513,0.7973425382379863,0.34513374077770986,123.04687499999999
6.478367346938776,0.7988372646263519,0.3445168776712849,123.04687499999999
6.489977324263038,0.8019342529064012,0.3427672177471372,123.04687499999999
6.501587301587302,0.8042175601348694,0.33992007518689726,123.04687499999999
6.513197278911565,0.806642929211119,0.33691098740686115,123.04687499999999
6.524807256235827,0.8058287325172938,0.3365896035517957,123.04687499999999
6.5364172335600905,0.8042414194316015,0.33854376519544943,123.04687499999999
6.548027210884354,0.8010613428735062,0.3384487990294746,123.04687499999999
6.559637188208617,0.7967092452282708,0.3371663180019882,123.04687499999999
6.5712471655328795,0.7976047423190901,0.33824165066912626,123.04687499999999
6.582857142857143,0.7971704173388282,0.336379564485888,123.04687499999999
6.594467120181406,0.7965863296107291,0.3359208326495799,123.04687499999999
6.606077097505669,0.7937326280881474,0.3365350959832117,123.04687499999999
6.617687074829932,0.7888960532305576,0.3367302490241064,123.04687499999999
6.629297052154195,0.7839994349660532,0.3370576976665967,123.04687499999999
6.640907029478458,0.7804084951498007,0.3352795575248632,123.04687499999999
6.6525170068027215,0.7807417735265726,0.3320738037663262,123.04687499999999
6.664126984126984,0.7810095243761147,0.3305865784786353,123.04687499999999
6.675736961451247,0.7827420943638671,0.33156331149316143,123.04687499999999
6.6873469387755105,0.7822912350981907,0.33271609878266256,123.04687499999999
6.698956916099773,0.7786586872900204,0.33426981153520713,123.04687499999999
6.710566893424036,0.7740205238574059,0.33683107402958234,123.04687499999999
6.722176870748299,0.7650808896916583,0.3391172950188416,123.04687499999999
6.733786848072563,0.7534911531748069,0.341599319176857,123.04687499999999
6.745396825396825,0.7412861470313497,0.34541221817471185,123.04687499999999
6.757006802721088,0.7266947413537607,0.34962597679832536,123.04687499999999
6.768616780045352,0.7121806579173483,0.35174213415949124,123.04687499999999
6.780226757369615,0.7006615667974759,0.3532244478705869,123.04687499999999
6.791836734693877,0.6888908181670712,0.3566040245019788,123.04687499999999
6.8034467120181406,0.6840401378436087,0.3595112223261589,123.04687499999999
6.815056689342404,0.6830279297089789,0.3592228281464533,123.04687499999999
6.826666666666667,0.6838159828591214,0.3561583143033668,123.04687499999999
6.8382766439909295,0.6884568136560545,0.35246674047264037,123.04687499999999
6.849886621315193,0.6950036991413472,0.3503865760575586,123.04687499999999
6.861496598639456,0.7027691074879298,0.3471509603717186,123.04687499999999
6.873106575963718,0.7075637273793819,0.34287688539217726,123.04687499999999
6.884716553287982,0.7092226496793321,0.34233410591231184,123.04687499999999
6.896326530612245,0.7046008735499971,0.3418232563897867,123.04687499999999
6.907936507936508,0.698610298578834,0.34028818995781446,123.04687499999999
6.919546485260771,0.694666859459731,0.3394263696559567,123.04687499999999
6.931156462585034,0.6920270627248785,0.3380238352962896,123.04687499999999
6.942766439909297,0.6905820428031141,0.3375147551315988,123.04687499999999
6.9543764172335605,0.686341993735604,0.3383805294749319,123.04687499999999
6.965986394557823,0.6809657004783359,0.33840157518762776,123.04687499999999
6.977596371882086,0.6726060337218215,0.33784316533840764,123.04687499999999
6.989206349206349,0.6651614801472893,0.33815527265960926,123.04687499999999
7.000816326530612,0.6587827976439171,0.33811078203933476,123.04687499999999
7.012426303854875,0.6546128735120557,0.33659301909541617,123.04687499999999
7.024036281179138,0.656067321976348,0.33565423904741043,123.04687499999999
7.035646258503402,0.6594287696699328,0.33368290957738544,123.04687499999999
7.047256235827664,0.6655741457437574,0.32913426695384707,123.04687499999999
7.058866213151927,0.6715200839272047,0.3252297148281102,123.04687499999999
7.070476190476191,0.6751758235886416,0.3234400272426864,123.04687499999999
7.082086167800454,0.6774658028422211,0.3213805463913071,123.04687499999999
7.093696145124716,0.6783577723618008,0.3171724191816547,123.04687499999999
7.1053061224489795,0.6783302312830644,0.312347558427296,123.04687499999999
7.116916099773243,0.6750314558080214,0.3095724386727358,123.04687499999999
7.128526077097506,0.6689226349140315,0.3095566910616557,123.04687499999999
7.1401360544217685,0.6610719046428595,0.3112676625740752,123.04687499999999
7.151746031746032,0.6504752565353735,0.311497683232947,123.04687499999999
7.163356009070295,0.6406546765101705,0.311076086103842,123.04687499999999
7.174965986394557,0.633744477692161,0.31091659601298166,123.04687499999999
7.186575963718821,0.628695848576017,0.30956607302652345,123.04687499999999
7.198185941043084,0.6267611058663594,0.3070987629292238,123.04687499999999
7.209795918367347,0.6266419346789451,0.30564393043384513,123.04687499999999
7.22140589569161,0.6257220096391993,0.30526837706135324,123.04687499999999
7.233015873015873,0.6265155131760526,0.30415005630956593,123.04687499999999
7.244625850340136,0.6269364603724872,0.30273006941494357,123.04687499999999
7.2562358276643995,0.6273171320543917,0.3007963019457659,123.04687499999999
7.267845804988662,0.6287247992375233,0.3005136512581073,123.04687499999999
7.279455782312925,0.6304578969152357,0.29836006536762927,123.04687499999999
7.291065759637188,0.6317412919080061,0.2949402005035482,123.04687499999999
7.302675736961452,0.632815169891208,0.29067902019571024,123.04687499999999
7.314285714285714,0.6322623146620222,0.2883303727183005,123.04687499999999
7.325895691609977,0.6281619901853928,0.2881729279723917,123.04687499999999
7.337505668934241,0.6226375100215378,0.2889246435684998,123.04687499999999
7.349115646258503,0.6166808084086315,0.29030483646977195,123.04687499999999
7.360725623582766,0.6108727551298343,0.29240939612954014,123.04687499999999
7.3723356009070296,0.607470525917648,0.29306927705366537,123.04687499999999
7.383945578231293,0.6050111340914633,0.29334321125934,123.04687499999999
7.395555555555555,0.6036776013238596,0.2953124061909529,123.04687499999999
7.4071655328798185,0.6011235192691373,0.2969753125618765,123.04687499999999
7.418775510204082,0.5997172472115166,0.29782301469133315,123.04687499999999
7.430385487528345,0.6001058655668834,0.2995642489745554,123.04687499999999
7.441995464852607,0.6002972483543545,0.3013173885283514,123.04687499999999
7.453605442176871,0.6018673958543147,0.304594112316851,123.04687499999999
7.465215419501134,0.603411501011407,0.30917564876088455,123.04687499999999
7.476825396825397,0.6046486737370381,0.3115224780038998,123.04687499999999
7.48843537414966,0.6076423528525359,0.3108556622916151,123.04687499999999
7.500045351473923,0.6113701137601173,0.3113919710886326,123.04687499999999
7.511655328798186,0.6137445113595875,0.31242404542841656,123.04687499999999
7.523265306122449,0.6149384448325568,0.31347425179152677,123.04687499999999
7.534875283446712,0.6153248415890964,0.31638964693939975,123.04687499999999
7.546485260770975,0.6166338066542684,0.31932812336457744,123.04687499999999
7.558095238095238,0.6190800616509455,0.3210215547488996,123.04687499999999
7.569705215419501,0.6225729161922966,0.3232074526286594,123.04687499999999
7.581315192743764,0.6257126425400228,0.3251113110148432,123.04687499999999
7.592925170068027,0.627669509675311,0.32707938765586125,123.04687499999999
7.604535147392291,0.6298330698355411,0.3327675184633509,123.04687499999999
7.616145124716553,0.6327955815097918,0.3369545666529602,123.04687499999999
7.627755102040816,0.6381772552770177,0.3378238953775373,123.04687499999999
7.63936507936508,0.6478749991996046,0.3388364487190061,123.04687499999999
7.650975056689342,0.6597237953436884,0.3390949432368152,123.04687499999999
7.662585034013605,0.6731647971509251,0.33713224124842467,123.04687499999999
7.6741950113378685,0.6883556128418001,0.3374553346596897,123.04687499999999
7.685804988662132,0.7025922783413658,0.3386243096493559,123.04687499999999
7.697414965986394,0.7158213620292389,0.33875065594869574,123.04687499999999
7.7090249433106575,0.7264311373280596,0.341335232152631,123.04687499999999
7.720634920634921,0.730821949103834,0.34485975233735044,123.04687499999999
7.732244897959184,0.7333135878466178,0.3473860430774848,123.04687499999999
7.743854875283446,0.734730187206379,0.3485421083925601,123.04687499999999
7.75546485260771,0.7355342999619264,0.3463694479941699,123.04687499999999
7.767074829931973,0.7388958512658689,0.34564231151610425,123.04687499999999
7.778684807256236,0.7396974291819738,0.3479873026199898,123.04687499999999
7.790294784580499,0.7382634594253085,0.35304759990542894,123.04687499999999
7.801904761904762,0.7353037307734501,0.3591567563720839,123.04687499999999
7.813514739229025,0.7322207563966318,0.36341006482358257,123.04687499999999
7.825124716553288,0.7313136139835437,0.3655617788509792,123.04687499999999
7.836734693877551,0.7287478745588367,0.36742451374356083,123.04687499999999
7.848344671201814,0.7266835562542423,0.37281132699268554,123.04687499999999
7.859954648526077,0.7258103329807318,0.37709700704459526,123.04687499999999
7.87156462585034,0.7237450604970315,0.3789669771753595,123.04687499999999
7.883174603174603,0.7230555697113431,0.38187946916611093,123.04687499999999
7.894784580498866,0.7247153040273506,0.3860810687186634,123.04687499999999
7.90639455782313,0.7276497035611272,0.3873470934595612,123.04687499999999
7.918004535147392,0.7323086155702071,0.3885008852656458,123.04687499999999
7.929614512471655,0.7376294218667453,0.38949832260636036,123.04687499999999
7.9412244897959186,0.7409622514157852,0.39040795062054495,123.04687499999999
7.952834467120182,0.741162043509012,0.39138508310871223,123.04687499999999
7.964444444444444,0.7383825896504885,0.39192504008125273,123.04687499999999
7.9760544217687075,0.7331024925862558,0.39360764218128147,123.04687499999999
7.987664399092971,0.7261833736393328,0.39578673762140437,123.04687499999999
7.999274376417233,0.7182726891143445,0.39702445914361906,123.04687499999999
8.010884353741497,0.7106139078732951,0.39726347586085536,123.04687499999999
8.02249433106576,0.7069388725899404,0.39963859662717244,123.04687499999999
8.034104308390022,0.705007308067759,0.40210402686738944,123.04687499999999
8.045714285714286,0.705301722922314,0.40531552735027115,123.04687499999999
8.057324263038549,0.7090852936694135,0.4085674814559607,123.04687499999999
8.068934240362811,0.710967387860227,0.40869816557484295,123.04687499999999
8.080544217687075,0.7133714348887302,0.40908312347241466,123.04687499999999
8.092154195011338,0.7170101463083972,0.4105680012357584,123.04687499999999
8.103764172335602,0.7231277981782024,0.4106131486358538,123.04687499999999
8.115374149659864,0.7307255673759725,0.41002872807532,123.04687499999999
8.126984126984127,0.7397407720449929,0.4096885710989026,123.04687499999999
8.13859410430839,0.7484776166457768,0.40944292763671625,123.04687499999999
8.150204081632653,0.7523877197347559,0.40655597962551143,123.04687499999999
8.161814058956915,0.7543274767038054,0.4057559372647618,123.04687499999999
8.17342403628118,0.754059906570003,0.40508678160211975,123.04687499999999
8.185034013605442,0.7532186266106489,0.4048188085146476,123.04687499999999
8.196643990929704,0.7508904777832932,0.4026905620889066,123.04687499999999
8.208253968253969,0.7466795480453132,0.40228442191623254,123.04687499999999
8.219863945578231,0.7404966818888938,0.40295074522922963,123.04687499999999
8.231473922902495,0.7325450447677373,0.4041904300308832,123.04687499999999
8.243083900226758,0.7258851926687615,0.4052976838829384,123.04687499999999
8.25469387755102,0.7238267271445915,0.40658086332320553,123.04687499999999
8.266303854875284,0.7273838972129446,0.40789290247627524,123.04687499999999
8.277913832199546,0.7331440547968527,0.4067893137298668,123.04687499999999
8.289523809523809,0.7404353421477395,0.4044266092564826,123.04687499999999
8.301133786848073,0.747713246895713,0.4042114172903365,123.04687499999999
8.312743764172335,0.7510260700075918,0.4035191523461196,123.04687499999999
8.324353741496598,0.7520251461318005,0.40125486399818777,123.04687499999999
8.335963718820862,0.7547886295380174,0.40062108040830247,123.04687499999999
8.347573696145124,0.7560880793171062,0.39723531244343974,123.04687499999999
8.359183673469389,0.7593935725985813,0.3953778567301685,123.04687499999999
8.370793650793651,0.7676390992938761,0.39592073253762305,123.04687499999999
8.382403628117913,0.7767844144764229,0.3958500412895926,123.04687499999999
8.394013605442177,0.785110128359755,0.39242925953958896,123.04687499999999
8.40562358276644,0.78940692698863,0.38988512943131726,123.04687499999999
8.417233560090702,0.7897889359670085,0.38925096306788465,123.04687499999999
8.428843537414966,0.7862359127224967,0.38898914786222066,123.04687499999999
8.440453514739229,0.7840090249479753,0.38812149892706155,123.04687499999999
8.452063492063493,0.7858755679469982,0.38790099541887324,123.04687499999999
8.463673469387755,0.7889059106717745,0.3876560341861858,123.04687499999999
8.475283446712018,0.793727192158696,0.3881357723161683,123.04687499999999
8.486893424036282,0.7983723914574443,0.38883302882389353,123.04687499999999
8.498503401360544,0.8039437830177927,0.3904847226143517,123.04687499999999
8.510113378684807,0.8087394896132263,0.3909550340117133,123.04687499999999
8.52172335600907,0.8143986897467427,0.39083814259749305,123.04687499999999
8.533333333333333,0.8229601244219055,0.39144684675683766,123.04687499999999
8.544943310657596,0.8302872585469272,0.3911827844678058,123.04687499999999
8.55655328798186,0.8347945018595011,0.3888874501654428,123.04687499999999
8.568163265306122,0.8358327932992335,0.3887166745240329,123.04687499999999
8.579773242630386,0.8352875715028946,0.390869618156569,123.04687499999999
8.591383219954649,0.8346982550660589,0.39124815365385807,123.04687499999999
8.602993197278911,0.8373017857662602,0.3903212292999195,123.04687499999999
8.614603174603175,0.8434151775636939,0.3914136263295663,123.04687499999999
8.626213151927438,0.8497932552717237,0.39075650228519804,123.04687499999999
8.6378231292517,0.8550914528244488,0.3890558419812315,123.04687499999999
8.649433106575964,0.8595327638065359,0.3900502453732255,123.04687499999999
8.661043083900227,0.863420614764095,0.38995199075227666,123.04687499999999
8.672653061224489,0.8673941779922412,0.3884892212864401,123.04687499999999
8.684263038548753,0.8740670488531078,0.38546560193706986,123.04687499999999
8.695873015873016,0.8840170213479648,0.38333790751266295,123.04687499999999
8.70748299319728,0.8969060919858317,0.38115576850976934,123.04687499999999
8.719092970521542,0.9107176321410599,0.37862997068308835,123.04687499999999
8.730702947845804,0.9222587199807732,0.37638704988167754,123.04687499999999
8.742312925170069,0.9308076322599437,0.37585183798252103,123.04687499999999
8.753922902494331,0.9377692892824582,0.37471214517302803,123.04687499999999
8.765532879818593,0.9449860301859305,0.37183812000859934,123.04687499999999
8.777142857142858,0.9542657352307209,0.3683441912337157,123.04687499999999
8.78875283446712,0.9634118021907453,0.3651568128997338,123.04687499999999
8.800362811791382,0.9697055386582667,0.3619526118134565,123.04687499999999
8.811972789115647,0.9727599213955148,0.35771238352511875,123.04687499999999
8.823582766439909,0.9737541254233802,0.35369431138548874,123.04687499999999
8.835192743764173,0.9719900723442221,0.35045087476590964,123.04687499999999
8.846802721088435,0.9701261894808881,0.3476309440292353,123.04687499999999
8.858412698412698,0.9711278655022059,0.346393495552651,123.04687499999999
8.870022675736962,0.9747818124635047,0.3429025692951311,123.04687499999999
8.881632653061224,0.9794017958927014,0.33748529486146017,123.04687499999999
8.893242630385487,0.9853680176107773,0.3343953499723111,123.04687499999999
8.904852607709751,0.9910102184170421,0.33367842462874264,123.04687499999999
8.916462585034013,0.9955230060885112,0.3314780137240668,123.04687499999999
8.928072562358278,0.9988600547476881,0.33153929983904407,123.04687499999999
8.93968253968254,0.9999999999957957,0.33196182691637827,123.04687499999999
8.951292517006802,0.9974658978732595,0.33002038758024665,123.04687499999999
8.962902494331066,0.9890279209628576,0.3287697742199659,123.04687499999999
8.974512471655329,0.9771291123401867,0.3294507083000742,123.04687499999999
8.986122448979591,0.9615397389282591,0.3307655574501094,123.04687499999999
8.997732426303855,0.9438962781321496,0.3322467610473478,123.04687499999999
9.009342403628118,0.925900799941829,0.33284914147657585,123.04687499999999
9.02095238095238,0.9115633866221299,0.333667728185519,123.04687499999999
9.032562358276644,0.9022721422749712,0.33471572196457455,123.04687499999999
9.044172335600907,0.8970420938324737,0.3327268412272784,123.04687499999999
9.05578231292517,0.8927820503755186,0.3308414666001108,123.04687499999999
9.067392290249433,0.8867276803386839,0.3301950053638175,123.04687499999999
9.079002267573696,0.8752985350567951,0.3300990173758798,123.04687499999999
9.09061224489796,0.8622367411339712,0.32999250055682977,123.04687499999999
9.102222222222222,0.8515363886968494,0.33164951674363385,123.04687499999999
9.113832199546485,0.8466662199880135,0.333490220890142,123.04687499999999
9.125442176870749,0.8447303616598559,0.3354528004997442,123.04687499999999
9.137052154195011,0.8432875079174253,0.3360713597537791,123.04687499999999
9.148662131519274,0.8410942164036932,0.33770627117682295,123.04687499999999
9.160272108843538,0.8339282084322236,0.33857525454619897,123.04687499999999
9.1718820861678,0.8262600106963621,0.340319761993856,123.04687499999999
9.183492063492064,0.8203872286539049,0.34063109591246943,123.04687499999999
9.195102040816327,0.815391910680984,0.3408966066759566,123.04687499999999
9.206712018140589,0.8109027244851248,0.340217810533572,123.04687499999999
9.218321995464853,0.8074503671362777,0.3393797020525575,123.04687499999999
9.229931972789116,0.805073839500622,0.33818879301260435,123.04687499999999
9.241541950113378,0.8024640897694304,0.3360006246573102,123.04687499999999
9.253151927437642,0.8016254313930741,0.33593021087440206,123.04687499999999
9.264761904761905,0.8036522331100985,0.3362213742344868,123.04687499999999
9.276371882086167,0.8045492120699835,0.3337783156498497,123.04687499999999
9.287981859410431,0.8070549924217878,0.3308321210532628,123.04687499999999
9.299591836734693,0.8104175171811816,0.32884683867021314,123.04687499999999
9.311201814058958,0.8135739537109757,0.3273563268490241,123.04687499999999
9.32281179138322,0.8166370108037315,0.32601100970153857,123.04687499999999
9.334421768707482,0.817846370172245,0.3246736824281924,123.04687499999999
9.346031746031747,0.8186533912464308,0.32534984420168006,123.04687499999999
9.357641723356009,0.8208127106106352,0.32497167535419885,123.04687499999999
9.369251700680271,0.8236391433328616,0.32297272294272966,123.04687499999999
9.380861678004536,0.8309467601579913,0.3214148806557536,123.04687499999999
9.392471655328798,0.8407480228753876,0.3201533877949717,123.04687499999999
9.404081632653062,0.8498093702966216,0.31600812530701594,123.04687499999999
9.415691609977324,0.8572689473729843,0.3137913994915819,123.04687499999999
9.427301587301587,0.8624363669687177,0.31292054115240453,123.04687499999999
9.438911564625851,0.8656688703676831,0.3115185983378993,123.04687499999999
9.450521541950113,0.8676622926828059,0.3106518024266317,123.04687499999999
9.462131519274376,0.870465367293285,0.3104291525581584,123.04687499999999
9.47374149659864,0.8713871741862673,0.30984808683474574,123.04687499999999
9.485351473922902,0.869198231898005,0.31116799251805694,123.04687499999999
9.496961451247165,0.8635307790790404,0.31236166653504277,123.04687499999999
9.508571428571429,0.856373426186733,0.31459558952034944,123.04687499999999
9.520181405895691,0.8484906032097264,0.31725922138784785,123.04687499999999
9.531791383219955,0.8428187457457985,0.319675788434905,123.04687499999999
9.543401360544218,0.8414656764019572,0.3202053500330425,123.04687499999999
9.55501133786848,0.8418916860486478,0.3190897875530047,123.04687499999999
9.566621315192744,0.8435151760158929,0.31898403019696997,123.04687499999999
9.578231292517007,0.8432270934408586,0.32016528306398523,123.04687499999999
9.58984126984127,0.8389268756701878,0.3221837540113119,123.04687499999999
9.601451247165533,0.8309631546899007,0.3253352634814566,123.04687499999999
9.613061224489796,0.8199683006546689,0.3290538260121198,123.04687499999999
9.624671201814058,0.8080356090355681,0.3323894045031245,123.04687499999999
9.636281179138322,0.7972160420392546,0.3343549907053,123.04687499999999
9.647891156462585,0.7871128201875548,0.33580178555934104,123.04687499999999
9.659501133786849,0.7771914875231319,0.3392020369939338,123.04687499999999
9.671111111111111,0.7672315443385277,0.3426752742746183,123.04687499999999
9.682721088435374,0.7586622232284828,0.3452678824783425,123.04687499999999
9.694331065759638,0.7501888718144127,0.34705668325680844,123.04687499999999
9.7059410430839,0.7436293892372884,0.3492582399837543,123.04687499999999
9.717551020408163,0.738790722896204,0.3515804307503526,123.04687499999999
9.729160997732427,0.7326846151478535,0.35255926375202634,123.04687499999999
9.740770975056689,0.7276694377199067,0.35459324673558706,123.04687499999999
9.752380952380953,0.7228800754517096,0.35616687961934934,123.04687499999999
9.763990929705216,0.7194694128383355,0.35713400923492045,123.04687499999999
9.775600907029478,0.7181244347405482,0.35594508598437086,123.04687499999999
9.787210884353742,0.7183352962752201,0.35390437762074634,123.04687499999999
9.798820861678005,0.7186060012247212,0.35258429452630563,123.04687499999999
9.810430839002267,0.7165155514241602,0.35122691608945344,123.04687499999999
9.822040816326531,0.7133479803952547,0.3511295857441992,123.04687499999999
9.833650793650794,0.7075737583077087,0.3503623968106307,123.04687499999999
9.845260770975056,0.6971268440335417,0.3522963051414834,123.04687499999999
9.85687074829932,0.683763086157328,0.35407050812997537,123.04687499999999
9.868480725623582,0.6491736068433462,0.3351368877382698,118.31430288461537
9.880090702947847,0.6174008618402248,0.31640317190329337,113.58173076923076
9.891700680272109,0.5886271355003247,0.2976121651224815,108.84915865384615
9.903310657596371,0.5613962950886594,0.27711620606821635,104.11658653846153
9.914920634920636,0.5369740302745908,0.2558588100815647,99.38401442307692
9.926530612244898,0.5124326593307743,0.23473086400692028,94.6514423076923
9.93814058956916,0.4878556440144516,0.21502796781295458,89.9188701923077
9.949750566893425,0.4618059183059499,0.19492073740534285,85.18629807692308
9.961360544217687,0.43431335572182017,0.17387257604754658,80.45372596153847
9.97297052154195,0.4071644542360962,0.1539542153826852,75.72115384615385
9.984580498866213,0.3777847663349587,0.13452919818839656,70.98858173076923
9.996190476190476,0.3480662026882038,0.1150761972204701,66.25600961538461
